epoch,train_loss,val_loss
50,0.12656633493437017,0.12880042871304578
